<?xml version="1.0"?>

<PropertyList>

	<path>VSI.ac</path>

<animation>
	<type>material</type>
	<object-name>Meter</object-name>
	<object-name>Needle</object-name>
	<emission>
		<red>0.7</red>
		<green>0.7</green>
		<blue>0.7</blue>
		<factor-prop>controls/lighting/panel-norm</factor-prop>  <!-- <factor-prop>systems/electrical/outputs/instrument-lights</factor-prop> -->
	</emission>
</animation>

<animation>
	<type>rotate</type>
	<object-name>Needle</object-name>
	<property>/instrumentation/vertical-speed-indicator/indicated-speed-fpm</property>
	<interpolation>
		<entry><ind>-2000</ind><dep>-174</dep></entry>
		<entry><ind>-1500</ind><dep>-135</dep></entry>
		<entry><ind>-1000</ind><dep> -90</dep></entry>
		<entry><ind> -500</ind><dep> -45</dep></entry>
		<entry><ind>    0</ind><dep>   0</dep></entry>
		<entry><ind>  500</ind><dep>  45</dep></entry>
		<entry><ind> 1000</ind><dep>  90</dep></entry>
		<entry><ind> 1500</ind><dep> 135</dep></entry>
		<entry><ind> 2000</ind><dep> 174</dep></entry>
	</interpolation>     
	<axis>
		<x>-1</x>
		<y>0</y>
		<z>0</z>
	</axis>
</animation>


<!-- Label Text -->

<text>
	<name>LabelText</name>
	<type type="string">literal</type>
		<text type="string">Vertical Speed Indicator</text>
	<draw-text type="bool">true</draw-text>
	<font>Helvetica.txf</font>
		<character-size type="double">0.012</character-size>
		<character-aspect-ratio type="double">1.0</character-aspect-ratio>
	<axis-alignment>yz-plane</axis-alignment>
	<max-height>0.2</max-height>
	<max-width>0.07</max-width>
	<font-resolution>
		<width type="int">32</width>
		<height type="int">32</height>
	</font-resolution>
	<alignment>center-center</alignment>
	<offsets>
		<x-m> 0.01</x-m>
		<y-m> 0.0 </y-m>
		<z-m> 0.0 </z-m>
	</offsets>
</text>

<animation>
	<type>material</type>
		<object-name>LabelText</object-name>
	<emission>
		<red>1.0</red>
		<green>0.8</green>
		<blue>0.0</blue>
	</emission>
</animation>

<animation>
	<type>select</type>
		<object-name>LabelText</object-name>
	<condition>
		<property>/sim/panel-hotspots</property>
	</condition>
</animation>

</PropertyList>