<?xml version="1.0"?>


<PropertyList>
	
	  <path>O-2A_Skymaster.ac</path>

 <animation>
		<type>select</type>
		<object-name>Cylinder.010</object-name>
		<condition>
  <property>controls/anti-ice/pitot-heat</property>
 </condition>
	</animation>
	

<!--
	<animation>
		<type>flash</type>
		<object-name>Weapons</object-name>
		<axis>
			<x>-1</x>
			<y>0</y>
			<z>0</z>
		</axis>
		<power>0.5</power>
		<factor>1</factor>
		<offset>0</offset>
		<two-sides type="bool">false</two-sides>
		<min>0.01</min>
		<max>1</max>
	</animation>
-->

</PropertyList>
