<?xml version="1.0" ?>
<PropertyList>

  <!--
  Bendix/King KMA20 Marker/Audio panel

  Created by Torsten Dreyer, December 2008

  You might want to use the following code in your aircraft's nasal
  init function to keep the settings of the device persistent between
  flightgear sessions

  aircraft.data.add(
    "instrumentation/kma24/sens",
    "instrumentation/kma24/knob"
    "instrumentation/kma24/tel/switch[0]",
    "instrumentation/kma24/com[0]/switch[0]",
    "instrumentation/kma24/com[1]/switch[0]",
    "instrumentation/kma24/nav[0]/switch[0]",
    "instrumentation/kma24/nav[1]/switch[0]",
    "instrumentation/kma24/adf/switch[0]",
    "instrumentation/kma24/dme/switch[0]",
    "instrumentation/kma24/mkr/switch[0]",
    "instrumentation/kma24/auto/switch[0]",
    "instrumentation/kma24/tel/switch[1]",
    "instrumentation/kma24/com[0]/switch[1]",
    "instrumentation/kma24/com[1]/switch[1]",
    "instrumentation/kma24/nav[0]/switch[1]",
    "instrumentation/kma24/nav[1]/switch[1]",
    "instrumentation/kma24/adf/switch[1]",
    "instrumentation/kma24/dme/switch[1]",
    "instrumentation/kma24/mkr/switch[1]",
    "instrumentation/kma24/auto/switch[1]"
  );
  -->

<params>
	<electrical>systems/electrical/outputs/audio-panel</electrical>
	<outer>instrumentation/marker-beacon/outer</outer>
	<middle>instrumentation/marker-beacon/middle</middle>
	<inner>instrumentation/marker-beacon/inner</inner>
	<test>instrumentation/kma24/test</test>
	<sens>instrumentation/kma24/sens</sens>
	<knob>instrumentation/kma24/knob</knob>
<!-- Speaker audio -->
        <tel>instrumentation/kma24/tel/switch[0]</tel>
        <com1>instrumentation/kma24/com[0]/switch[0]</com1>
        <com2>instrumentation/kma24/com[1]/switch[0]</com2>
        <nav1>instrumentation/kma24/nav[0]/switch[0]</nav1>
        <nav2>instrumentation/kma24/nav[1]/switch[0]</nav2>
        <adf>instrumentation/kma24/adf/switch[0]</adf>
        <dme>instrumentation/kma24/dme/switch[0]</dme>
        <mkr>instrumentation/kma24/mkr/switch[0]</mkr>
        <auto>instrumentation/kma24/auto/switch[0]</auto>
<!--Phones audio -->
        <telp>instrumentation/kma24/tel/switch[1]</telp>
        <com1p>instrumentation/kma24/com[0]/switch[1]</com1p>
        <com2p>instrumentation/kma24/com[1]/switch[1]</com2p>
        <nav1p>instrumentation/kma24/nav[0]/switch[1]</nav1p>
        <nav2p>instrumentation/kma24/nav[1]/switch[1]</nav2p>
        <adfp>instrumentation/kma24/adf/switch[1]</adfp>
        <dmep>instrumentation/kma24/dme/switch[1]</dmep>
        <mkrp>instrumentation/kma24/mkr/switch[1]</mkrp>
        <autop>instrumentation/kma24/auto/switch[1]</autop>
</params>

	<path>KMA24.ac</path>

<animation>
	<type>material</type>
	<object-name>Knob</object-name>
	<emission>
		<red>0.3</red>
		<green>0.3</green>
		<blue>0.3</blue>
	<factor-prop>controls/lighting/panel-norm</factor-prop>
	</emission>
</animation>

 <animation>
    <type>knob</type>
    <object-name>Knob</object-name>
    <property alias="../../params/knob"/>
    <interpolation>
      <entry>
        <ind>0</ind>
        <dep>0</dep>
      </entry>
      <entry>
        <ind>4</ind>
        <dep>120</dep>
      </entry>
      <entry>
        <ind>5</ind>
        <dep>140</dep>
      </entry>
    </interpolation>
    <center>
      <x-m>0.0002</x-m>
      <y-m>0.0605</y-m>
      <z-m>-0.0010</z-m>
    </center>
    <axis>
      <x>-1</x>
      <y>0</y>
      <z>0</z>
    </axis>
    <action>
      <binding>
        <command>property-adjust</command>
        <property alias="../../../../params/knob"/>
        <factor>1</factor>
        <min>0</min>
        <max>5</max>
        <wrap>0</wrap>
      </binding>
	</action>
</animation>

	<!-- MARKER BEACON -->

<animation>
	<type>material</type>
	<object-name>Mkr_A</object-name>
	<emission>
		<red>1.0</red>
		<green>1.0</green>
		<blue>1.0</blue>
		<factor-prop alias="../../../params/inner"/>
		<offset-prop alias="../../../params/test"/>
	</emission>
	<condition>
          <or>
            <property alias="../../../../params/test"/>
            <not-equals>
              <property alias="../../../../../params/knob"/>
              <value>0</value>
            </not-equals>
          </or>
          <property alias="../../../params/electrical"/>
	</condition>
</animation>

<animation>
	<type>material</type>
	<object-name>Mkr_O</object-name>
	<emission>
		<red>1.0</red>
		<green>1.0</green>
		<blue>1.0</blue>
		<factor-prop alias="../../../params/outer"/>
		<offset-prop alias="../../../params/test"/>
	</emission>
	<condition>
          <or>
            <property alias="../../../../params/test"/>
            <not-equals>
              <property alias="../../../../../params/knob"/>
              <value>0</value>
            </not-equals>
          </or>
          <property alias="../../../params/electrical"/>
	</condition>
</animation>

<animation>
	<type>material</type>
	<object-name>Mkr_M</object-name>
	<emission>
		<red>1.0</red>
		<green>1.0</green>
		<blue>1.0</blue>
		<factor-prop alias="../../../params/middle"/>
		<offset-prop alias="../../../params/test"/>
	</emission>
	<condition>
          <or>
            <property alias="../../../../params/test"/>
            <not-equals>
              <property alias="../../../../../params/knob"/>
              <value>0</value>
            </not-equals>
          </or>
          <property alias="../../../params/electrical"/>
	</condition>
</animation>


	<!-- TEST -->

<animation>
	<type>pick</type>
	<object-name>SwitchTEST</object-name>
	<visible>true</visible>
	<action>
		<button>0</button>
		<repeatable>false</repeatable>
		<binding>
			<command>property-toggle</command>
                        <property alias="../../../../params/test"/>
		</binding>
		<mod-up>
			<binding>
				<command>property-toggle</command>
                                <property alias="../../../../../params/test"/>
			</binding>
		</mod-up>
	</action>
</animation>

<animation>
	<type>material</type>
	<object-name>SwitchTEST</object-name>
	<emission>
		<red>0.2</red>
		<green>0.7</green>
		<blue>0</blue>
	</emission>
	<condition>
                <property alias="../../../params/electrical"/>
                <property alias="../../../params/test"/>
	</condition>
</animation>

<animation>
	<type>translate</type>
	<object-name>SwitchTEST</object-name>
        <property alias="../../params/test"/>
	<factor>-0.002</factor>
	<axis>
		<x>1</x>
		<y>0</y>
		<z>0</z>
	</axis>
</animation>

	<!-- SENS -->

<animation>
	<type>pick</type>
	<object-name>SwitchSENS</object-name>
	<visible>true</visible>
	<action>
		<button>0</button>
		<repeatable>false</repeatable>
		<binding>
			<command>property-toggle</command>
			<property alias="../../../../params/sens"/>
		</binding>
	</action>
</animation>

<animation>
	<type>material</type>
	<object-name>SwitchSENS</object-name>
	<emission>
		<red>0.2</red>
		<green>0.7</green>
		<blue>0</blue>
	</emission>
	<condition>
                <property alias="../../../params/electrical"/>
                <property alias="../../../params/sens"/>
	</condition>
</animation>

<animation>
	<type>translate</type>
	<object-name>SwitchSENS</object-name>
        <property alias="../../params/sens"/>
	<factor>-0.002</factor>
	<axis>
		<x>1</x>
		<y>0</y>
		<z>0</z>
	</axis>
</animation>


	<!-- TEL/PHONE -->

<animation>
	<type>pick</type>
	<object-name>SwitchTEL_01</object-name>
	<visible>true</visible>
	<action>
		<button>0</button>
		<repeatable>false</repeatable>
		<binding>
			<command>property-toggle</command>
			<property alias="../../../../params/tel"/>
		</binding>
	</action>
</animation>

<animation>
	<type>pick</type>
	<object-name>SwitchTEL_02</object-name>
	<visible>true</visible>
	<action>
		<button>0</button>
		<repeatable>false</repeatable>
		<binding>
			<command>property-toggle</command>
			<property alias="../../../../params/telp"/>
		</binding>
	</action>
</animation>
<animation>
	<type>material</type>
	<object-name>SwitchTEL_01</object-name>
	<emission>
		<red>0.2</red>
		<green>0.7</green>
		<blue>0</blue>
	</emission>
	<condition>
		<property alias="../../../params/electrical"/>
		<property alias="../../../params/tel"/>
	</condition>
</animation>

<animation>
	<type>material</type>
	<object-name>SwitchTEL_02</object-name>
	<emission>
		<red>0.2</red>
		<green>0.7</green>
		<blue>0</blue>
	</emission>
	<condition>
		<property alias="../../../params/telp"/>
                <property alias="../../../params/electrical"/>
	</condition>
</animation>

<animation>
	<type>translate</type>
	<object-name>SwitchTEL_01</object-name>
        <property alias="../../params/tel"/>
	<interpolation>
		<entry><ind> 0</ind><dep> 0    </dep></entry>
		<entry><ind> 1</ind><dep>-0.002</dep></entry>
	</interpolation>
	<axis>
		<x>1</x>
		<y>0</y>
		<z>0</z>
	</axis>
</animation>

<animation>
	<type>translate</type>
	<object-name>SwitchTEL_02</object-name>
        <property alias="../../params/telp"/>
	<interpolation>
		<entry><ind> 0</ind><dep> 0    </dep></entry>
		<entry><ind> 1</ind><dep>-0.002</dep></entry>
	</interpolation>
	<axis>
		<x>1</x>
		<y>0</y>
		<z>0</z>
	</axis>
</animation>

	<!-- COM 1 -->

<animation>
	<type>pick</type>
	<object-name>SwitchCOM1_01</object-name>
	<visible>true</visible>
	<action>
		<button>0</button>
		<repeatable>false</repeatable>
		<binding>
			<command>property-toggle</command>
			<property alias="../../../../params/com1"/>
		</binding>
	</action>
</animation>

<animation>
	<type>pick</type>
	<object-name>SwitchCOM1_02</object-name>
	<visible>true</visible>
	<action>
		<button>0</button>
		<repeatable>false</repeatable>
		<binding>
			<command>property-toggle</command>
			<property alias="../../../../params/com1p"/>
		</binding>
	</action>
</animation>

<animation>
	<type>material</type>
	<object-name>SwitchCOM1_01</object-name>
	<emission>
		<red>0.2</red>
		<green>0.7</green>
		<blue>0</blue>
	</emission>
	<condition>
		<property alias="../../../params/com1"/>
                <property alias="../../../params/electrical"/>
        </condition>
</animation>

<animation>
	<type>material</type>
	<object-name>SwitchCOM1_02</object-name>
	<emission>
		<red>0.2</red>
		<green>0.7</green>
		<blue>0</blue>
	</emission>
	<condition>
		<property alias="../../../params/com1p"/>
                <property alias="../../../params/electrical"/>
	</condition>
</animation>

<animation>
	<type>translate</type>
	<object-name>SwitchCOM1_01</object-name>
        <property alias="../../params/com1"/>
	<interpolation>
		<entry><ind> 0</ind><dep> 0    </dep></entry>
		<entry><ind> 1</ind><dep>-0.002</dep></entry>
	</interpolation>
	<axis>
		<x>1</x>
		<y>0</y>
		<z>0</z>
	</axis>
</animation>

<animation>
	<type>translate</type>
	<object-name>SwitchCOM1_02</object-name>
        <property alias="../../params/com1p"/>
	<interpolation>
		<entry><ind> 0</ind><dep> 0    </dep></entry>
		<entry><ind> 1</ind><dep>-0.002</dep></entry>
	</interpolation>
	<axis>
		<x>1</x>
		<y>0</y>
		<z>0</z>
	</axis>
</animation>


	<!-- COM 2 -->

<animation>
	<type>pick</type>
	<object-name>SwitchCOM2_01</object-name>
	<visible>true</visible>
	<action>
		<button>0</button>
		<repeatable>false</repeatable>
		<binding>
			<command>property-toggle</command>
			<property alias="../../../../params/com2"/>
		</binding>
	</action>
</animation>

<animation>
	<type>pick</type>
	<object-name>SwitchCOM2_02</object-name>
	<visible>true</visible>
	<action>
		<button>0</button>
		<repeatable>false</repeatable>
		<binding>
			<command>property-toggle</command>
			<property alias="../../../../params/com2p"/>
		</binding>
	</action>
</animation>

<animation>
	<type>material</type>
	<object-name>SwitchCOM2_01</object-name>
	<emission>
		<red>0.2</red>
		<green>0.7</green>
		<blue>0</blue>
	</emission>
	<condition>
		<property alias="../../../params/com2"/>
                <property alias="../../../params/electrical"/>
	</condition>
</animation>

<animation>
	<type>material</type>
	<object-name>SwitchCOM2_02</object-name>
	<emission>
		<red>0.2</red>
		<green>0.7</green>
		<blue>0</blue>
	</emission>
	<condition>
		<property alias="../../../params/com2p"/>
                <property alias="../../../params/electrical"/>
	</condition>
</animation>

<animation>
	<type>translate</type>
	<object-name>SwitchCOM2_01</object-name>
        <property alias="../../params/com2"/>
	<interpolation>
		<entry><ind> 0</ind><dep> 0    </dep></entry>
		<entry><ind> 1</ind><dep>-0.002</dep></entry>
	</interpolation>
	<axis>
		<x>1</x>
		<y>0</y>
		<z>0</z>
	</axis>
</animation>

<animation>
	<type>translate</type>
	<object-name>SwitchCOM2_02</object-name>
        <property alias="../../params/com2p"/>
	<interpolation>
		<entry><ind> 0</ind><dep> 0    </dep></entry>
		<entry><ind> 1</ind><dep>-0.002</dep></entry>
	</interpolation>
	<axis>
		<x>1</x>
		<y>0</y>
		<z>0</z>
	</axis>
</animation>


	<!-- NAV 1 -->

<animation>
	<type>pick</type>
	<object-name>SwitchNAV1_01</object-name>
	<visible>true</visible>
	<action>
		<button>0</button>
		<repeatable>false</repeatable>
		<binding>
			<command>property-toggle</command>
			<property alias="../../../../params/nav1"/>
		</binding>
	</action>
</animation>

<animation>
	<type>pick</type>
	<object-name>SwitchNAV1_02</object-name>
	<visible>true</visible>
	<action>
		<button>0</button>
		<repeatable>false</repeatable>
		<binding>
			<command>property-toggle</command>
			<property alias="../../../../params/nav1p"/>
		</binding>
	</action>
</animation>

<animation>
	<type>material</type>
	<object-name>SwitchNAV1_01</object-name>
	<emission>
		<red>0.2</red>
		<green>0.7</green>
		<blue>0</blue>
	</emission>
	<condition>
		<property alias="../../../params/nav1"/>
                <property alias="../../../params/electrical"/>
	</condition>
</animation>

<animation>
	<type>material</type>
	<object-name>SwitchNAV1_02</object-name>
	<emission>
		<red>0.2</red>
		<green>0.7</green>
		<blue>0</blue>
	</emission>
	<condition>
		<property alias="../../../params/nav1p"/>
                <property alias="../../../params/electrical"/>
	</condition>
</animation>

<animation>
	<type>translate</type>
	<object-name>SwitchNAV1_01</object-name>
        <property alias="../../params/nav1"/>
	<interpolation>
		<entry><ind> 0</ind><dep> 0    </dep></entry>
		<entry><ind> 1</ind><dep>-0.002</dep></entry>
	</interpolation>
	<axis>
		<x>1</x>
		<y>0</y>
		<z>0</z>
	</axis>
</animation>

<animation>
	<type>translate</type>
	<object-name>SwitchNAV1_02</object-name>
        <property alias="../../params/nav1p"/>
	<interpolation>
		<entry><ind> 0</ind><dep> 0    </dep></entry>
		<entry><ind> 1</ind><dep>-0.002</dep></entry>
	</interpolation>
	<axis>
		<x>1</x>
		<y>0</y>
		<z>0</z>
	</axis>
</animation>


	<!-- NAV 2 -->

<animation>
	<type>pick</type>
	<object-name>SwitchNAV2_01</object-name>
	<visible>true</visible>
	<action>
		<button>0</button>
		<repeatable>false</repeatable>
		<binding>
			<command>property-toggle</command>
			<property alias="../../../../params/nav2"/>
		</binding>
	</action>
</animation>

<animation>
	<type>pick</type>
	<object-name>SwitchNAV2_02</object-name>
	<visible>true</visible>
	<action>
		<button>0</button>
		<repeatable>false</repeatable>
		<binding>
			<command>property-toggle</command>
			<property alias="../../../../params/nav2p"/>
		</binding>
	</action>
</animation>

<animation>
	<type>material</type>
	<object-name>SwitchNAV2_01</object-name>
	<emission>
		<red>0.2</red>
		<green>0.7</green>
		<blue>0</blue>
	</emission>
	<condition>
                <property alias="../../../params/nav2"/>
                <property alias="../../../params/electrical"/>
	</condition>
</animation>

<animation>
	<type>material</type>
	<object-name>SwitchNAV2_02</object-name>
	<emission>
		<red>0.2</red>
		<green>0.7</green>
		<blue>0</blue>
	</emission>
	<condition>
		<property alias="../../../params/nav2p"/>
                <property alias="../../../params/electrical"/>
	</condition>
</animation>

<animation>
	<type>translate</type>
	<object-name>SwitchNAV2_01</object-name>
        <property alias="../../params/nav2"/>
	<interpolation>
		<entry><ind> 0</ind><dep> 0    </dep></entry>
		<entry><ind> 1</ind><dep>-0.002</dep></entry>
	</interpolation>
	<axis>
		<x>1</x>
		<y>0</y>
		<z>0</z>
	</axis>
</animation>

<animation>
	<type>translate</type>
	<object-name>SwitchNAV2_02</object-name>
        <property alias="../../params/nav2p"/>
	<interpolation>
		<entry><ind> 0</ind><dep> 0    </dep></entry>
		<entry><ind> 1</ind><dep>-0.002</dep></entry>
	</interpolation>
	<axis>
		<x>1</x>
		<y>0</y>
		<z>0</z>
	</axis>
</animation>


	<!-- DME -->

<animation>
	<type>pick</type>
	<object-name>SwitchDME_01</object-name>
	<visible>true</visible>
	<action>
		<button>0</button>
		<repeatable>false</repeatable>
		<binding>
			<command>property-toggle</command>
			<property alias="../../../../params/dme"/>
		</binding>
	</action>
</animation>

<animation>
	<type>pick</type>
	<object-name>SwitchDME_02</object-name>
	<visible>true</visible>
	<action>
		<button>0</button>
		<repeatable>false</repeatable>
		<binding>
			<command>property-toggle</command>
			<property alias="../../../../params/dmep"/>
		</binding>
	</action>
</animation>

<animation>
	<type>material</type>
	<object-name>SwitchDME_01</object-name>
	<emission>
		<red>0.2</red>
		<green>0.7</green>
		<blue>0</blue>
	</emission>
	<condition>
		<property alias="../../../params/dme"/>
                <property alias="../../../params/electrical"/>
	</condition>
</animation>

<animation>
	<type>material</type>
	<object-name>SwitchDME_02</object-name>
	<emission>
		<red>0.2</red>
		<green>0.7</green>
		<blue>0</blue>
	</emission>
	<condition>
		<property alias="../../../params/dmep"/>
                <property alias="../../../params/electrical"/>
	</condition>
</animation>

<animation>
	<type>translate</type>
	<object-name>SwitchDME_01</object-name>
        <property alias="../../params/dme"/>
	<interpolation>
		<entry><ind> 0</ind><dep> 0    </dep></entry>
		<entry><ind> 1</ind><dep>-0.002</dep></entry>
	</interpolation>
	<axis>
		<x>1</x>
		<y>0</y>
		<z>0</z>
	</axis>
</animation>

<animation>
	<type>translate</type>
	<object-name>SwitchDME_02</object-name>
        <property alias="../../params/dmep"/>
	<interpolation>
		<entry><ind> 0</ind><dep> 0    </dep></entry>
		<entry><ind> 1</ind><dep>-0.002</dep></entry>
	</interpolation>
	<axis>
		<x>1</x>
		<y>0</y>
		<z>0</z>
	</axis>
</animation>


	<!-- MKR -->

<animation>
	<type>pick</type>
	<object-name>SwitchMKR_01</object-name>
	<visible>true</visible>
	<action>
		<button>0</button>
		<repeatable>false</repeatable>
		<binding>
			<command>property-toggle</command>
			<property alias="../../../../params/mkr"/>
		</binding>
	</action>
</animation>

<animation>
	<type>pick</type>
	<object-name>SwitchMKR_02</object-name>
	<visible>true</visible>
	<action>
		<button>0</button>
		<repeatable>false</repeatable>
		<binding>
			<command>property-toggle</command>
			<property alias="../../../../params/mkrp"/>
		</binding>
	</action>
</animation>

<animation>
	<type>material</type>
	<object-name>SwitchMKR_01</object-name>
	<emission>
		<red>0.2</red>
		<green>0.7</green>
		<blue>0</blue>
	</emission>
	<condition>
                <property alias="../../../params/electrical"/>
		<property alias="../../../params/mkr"/>
	</condition>
</animation>

<animation>
	<type>material</type>
	<object-name>SwitchMKR_02</object-name>
	<emission>
		<red>0.2</red>
		<green>0.7</green>
		<blue>0</blue>
	</emission>
	<condition>
                <property alias="../../../params/electrical"/>
		<property alias="../../../params/mkrp"/>
	</condition>
</animation>

<animation>
	<type>translate</type>
	<object-name>SwitchMKR_01</object-name>
        <property alias="../../params/mkr"/>
	<interpolation>
		<entry><ind> 0</ind><dep> 0    </dep></entry>
		<entry><ind> 1</ind><dep>-0.002</dep></entry>
	</interpolation>
	<axis>
		<x>1</x>
		<y>0</y>
		<z>0</z>
	</axis>
</animation>

<animation>
	<type>translate</type>
	<object-name>SwitchMKR_02</object-name>
        <property alias="../../params/mkrp"/>
	<interpolation>
		<entry><ind> 0</ind><dep> 0    </dep></entry>
		<entry><ind> 1</ind><dep>-0.002</dep></entry>
	</interpolation>
	<axis>
		<x>1</x>
		<y>0</y>
		<z>0</z>
	</axis>
</animation>-->


	<!-- ADF -->

<animation>
	<type>pick</type>
	<object-name>SwitchADF_01</object-name>
	<visible>true</visible>
	<action>
		<button>0</button>
		<repeatable>false</repeatable>
		<binding>
			<command>property-toggle</command>
			<property alias="../../../../params/adf"/>
		</binding>
	</action>
</animation>

<animation>
	<type>pick</type>
	<object-name>SwitchADF_02</object-name>
	<visible>true</visible>
	<action>
		<button>0</button>
		<repeatable>false</repeatable>
		<binding>
			<command>property-toggle</command>
			<property alias="../../../../params/adfp"/>
		</binding>
	</action>
</animation>

<animation>
	<type>material</type>
	<object-name>SwitchADF_01</object-name>
	<emission>
		<red>0.2</red>
		<green>0.7</green>
		<blue>0</blue>
	</emission>
	<condition>
                <property alias="../../../params/electrical"/>
		<property alias="../../../params/adf"/>
	</condition>
</animation>

<animation>
	<type>material</type>
	<object-name>SwitchADF_02</object-name>
	<emission>
		<red>0.2</red>
		<green>0.7</green>
		<blue>0</blue>
	</emission>
	<condition>
                <property alias="../../../params/electrical"/>
		<property alias="../../../params/adfp"/>
	</condition>
</animation>

<animation>
	<type>translate</type>
	<object-name>SwitchADF_01</object-name>
        <property alias="../../params/adf"/>
	<interpolation>
		<entry><ind> 0</ind><dep> 0    </dep></entry>
		<entry><ind> 1</ind><dep>-0.002</dep></entry>
	</interpolation>
	<axis>
		<x>1</x>
		<y>0</y>
		<z>0</z>
	</axis>
</animation>

<animation>
	<type>translate</type>
	<object-name>SwitchADF_02</object-name>
        <property alias="../../params/adfp"/>
	<interpolation>
		<entry><ind> 0</ind><dep> 0    </dep></entry>
		<entry><ind> 1</ind><dep>-0.002</dep></entry>
	</interpolation>
	<axis>
		<x>1</x>
		<y>0</y>
		<z>0</z>
	</axis>
</animation>

	<!-- AUTO -->

<animation>
	<type>pick</type>
	<object-name>SwitchAUTO_01</object-name>
	<visible>true</visible>
	<action>
		<button>0</button>
		<repeatable>false</repeatable>
		<binding>
			<command>property-toggle</command>
		<property alias="../../../../params/auto"/>
		</binding>
	</action>
</animation>

<animation>
	<type>pick</type>
	<object-name>SwitchAUTO_02</object-name>
	<visible>true</visible>
	<action>
		<button>0</button>
		<repeatable>false</repeatable>
		<binding>
			<command>property-toggle</command>
		<property alias="../../../../params/autop"/>
		</binding>
	</action>
</animation>

<animation>
	<type>material</type>
	<object-name>SwitchAUTO_01</object-name>
	<emission>
		<red>0.2</red>
		<green>0.7</green>
		<blue>0</blue>
	</emission>
	<condition>
                <property alias="../../../params/auto"/>
                <property alias="../../../params/electrical"/>
	</condition>
</animation>

<animation>
	<type>material</type>
	<object-name>SwitchAUTO_02</object-name>
	<emission>
		<red>0.2</red>
		<green>0.7</green>
		<blue>0</blue>
	</emission>
	<condition>
                <property alias="../../../params/autop"/>
                <property alias="../../../params/electrical"/>
	</condition>
</animation>

<animation>
	<type>translate</type>
	<object-name>SwitchAUTO_01</object-name>
	<property alias="../../params/auto"/>
	<interpolation>
		<entry><ind> 0</ind><dep> 0    </dep></entry>
		<entry><ind> 1</ind><dep>-0.002</dep></entry>
	</interpolation>
	<axis>
		<x>1</x>
		<y>0</y>
		<z>0</z>
	</axis>
</animation>

<animation>
	<type>translate</type>
	<object-name>SwitchAUTO_02</object-name>
	<property alias="../../params/autop"/>
	<interpolation>
		<entry><ind> 0</ind><dep> 0    </dep></entry>
		<entry><ind> 1</ind><dep>-0.002</dep></entry>
	</interpolation>
	<axis>
		<x>1</x>
		<y>0</y>
		<z>0</z>
	</axis>
</animation>

	<!-- Label Text -->

<text>
	<name>LabelText</name>
	<type type="string">literal</type>
		<text type="string">Audio Panel</text>
	<draw-text type="bool">true</draw-text>
	<font>Helvetica.txf</font>
		<character-size type="double">0.012</character-size>
		<character-aspect-ratio type="double">1.0</character-aspect-ratio>
	<axis-alignment>yz-plane</axis-alignment>
	<max-height>0.2</max-height>
	<max-width>0.07</max-width>
	<font-resolution>
		<width type="int">32</width>
		<height type="int">32</height>
	</font-resolution>
	<alignment>center-center</alignment>
	<offsets>
		<x-m> 0.01</x-m>
		<y-m> 0.0 </y-m>
		<z-m> 0.0 </z-m>
	</offsets>
</text>

<animation>
	<type>material</type>
		<object-name>LabelText</object-name>
	<emission>
		<red>1.0</red>
		<green>0.8</green>
		<blue>0.0</blue>
	</emission>
</animation>

<animation>
	<type>select</type>
		<object-name>LabelText</object-name>
	<condition>
		<property>/sim/panel-hotspots</property>
	</condition>
</animation>

</PropertyList>
